cov_threshold,debt_covenant_req_ratio,unencum_budget_frac,mngd_uniform_rate_incr,mngd_uniform_rate_decr,prev_unacc_ent_fund_frac,debtservice_cap_frac,rr_fund_frac,fip_fund_frac,energy_fund_frac,reserve_fund_frac
0.0070921985815602,0.0354609929078014,0.0212765957446808,0.0070921985815602,0.0070921985815602,0.0212765957446808,0.0354609929078014,0.0070921985815602,0.0212765957446808,0.0212765957446808,0.0354609929078014
0.0388526634625871,0.0125152045827356,0.0304692451004758,0.233093373638818,0.4281570749008183,0.0653017768770713,0.1771752597736551,0.0072373239077511,0.0164067750883062,0.0788114828796803,0.0418116285252771
